{"shape": [1, 1, 28, 28], "data": [-1.0, -1.0, -1.0, -1.0, -1.0, -1.0, -1.0, -1.0, -1.0, -0.9686274528503418, -1.0, -1.0, 0.6705882549285889, 0.7098039388656616, 0.7254902124404907, 0.6000000238418579, -1.0, -1.0, -0.9686274528503418, -0.9843137264251709, -1.0, -1.0, -1.0, -1.0, -1.0, -1.0, -1.0, -1.0, -1.0, -1.0, -1.0, -1.0, -1.0, -1.0, -0.9372549057006836, -0.9921568632125854, -1.0, -1.0, -1.0, -0.23137253522872925, 0.8745098114013672, 0.8509804010391235, 0.843137264251709, 0.686274528503418, -0.13725489377975464, -1.0, -1.0, -1.0, -1.0, -0.9529411792755127, -0.9921568632125854, -1.0, -1.0, -1.0, -1.0, -1.0, -1.0, -1.0, -1.0, -1.0, -1.0, -1.0, -1.0, -1.0, -1.0, -0.5607843399047852, 0.35686278343200684, 0.686274528503418, 0.6235294342041016, 0.8588235378265381, 0.8352941274642944, 0.6784313917160034, 0.7019608020782471, 0.011764764785766602, -0.6784313917160034, -1.0, -1.0, -1.0, -1.0, -1.0, -1.0, -1.0, -1.0, -1.0, -1.0, -1.0, -1.0, -1.0, -1.0, -1.0, -0.4823529124259949, 0.2627451419830322, 0.5137255191802979, 0.7333333492279053, 0.8039215803146362, 0.6549019813537598, 0.6784313917160034, 0.6549019813537598, 0.843137264251709, 0.7254902124404907, 0.5215686559677124, 0.7254902124404907, 0.6705882549285889, 0.4901961088180542, 0.21568632125854492, -0.5843137502670288, -1.0, -1.0, -1.0, -1.0, -1.0, -1.0, -1.0, -1.0, -1.0, -0.9921568632125854, -1.0, -0.3490195870399475, 0.7647058963775635, 0.686274528503418, 0.6313725709915161, 0.5921568870544434, 0.615686297416687, 0.5686274766921997, 0.6000000238418579, 0.772549033164978, 0.5607843399047852, 0.7647058963775635, 0.5921568870544434, 0.5529412031173706, 0.5764706134796143, 0.6313725709915161, 0.7019608020782471, 0.7254902124404907, -0.3176470398902893, -1.0, -1.0, -1.0, -1.0, -1.0, -1.0, -1.0, -1.0, -1.0, -1.0, 0.4901961088180542, 0.686274528503418, 0.5843137502670288, 0.615686297416687, 0.6313725709915161, 0.5764706134796143, 0.6705882549285889, 0.7254902124404907, 0.8509804010391235, 0.38823533058166504, 0.5843137502670288, 0.7647058963775635, 0.5686274766921997, 0.6313725709915161, 0.6000000238418579, 0.545098066329956, 0.6549019813537598, 0.48235297203063965, -1.0, -1.0, -1.0, -1.0, -1.0, -1.0, -1.0, -1.0, -1.0, -0.8666666746139526, 0.7098039388656616, 0.686274528503418, 0.686274528503418, 0.5686274766921997, 0.5843137502670288, 0.615686297416687, 0.615686297416687, 0.6078431606292725, 0.6705882549285889, 0.43529415130615234, 0.4745098352432251, 0.4901961088180542, 0.6000000238418579, 0.6078431606292725, 0.5843137502670288, 0.5764706134796143, 0.5764706134796143, 0.6705882549285889, -0.7019608020782471, -1.0, -1.0, -1.0, -1.0, -1.0, -1.0, -1.0, -1.0, -0.41960781812667847, 0.8039215803146362, 0.6941176652908325, 0.7568627595901489, 0.5764706134796143, 0.45098042488098145, 0.6000000238418579, 0.6313725709915161, 0.5372549295425415, 0.5686274766921997, 0.41960787773132324, 0.5137255191802979, 0.4745098352432251, 0.5529412031173706, 0.49803924560546875, 0.5137255191802979, 0.615686297416687, 0.5137255191802979, 0.6941176652908325, -0.24705880880355835, -1.0, -1.0, -1.0, -1.0, -1.0, -1.0, -1.0, -1.0, 0.003921627998352051, 0.8274509906768799, 0.7333333492279053, 0.7647058963775635, 0.5529412031173706, 0.6235294342041016, 0.7490196228027344, 0.8039215803146362, 0.6784313917160034, 0.5372549295425415, 0.5058823823928833, 0.43529415130615234, 0.5529412031173706, 0.6470588445663452, 0.5921568870544434, 0.5529412031173706, 0.5058823823928833, 0.6235294342041016, 0.7254902124404907, -0.019607841968536377, -1.0, -1.0, -1.0, -1.0, -1.0, -1.0, -1.0, -1.0, 0.2627451419830322, 0.8117647171020508, 0.7568627595901489, 0.8980392217636108, 0.5764706134796143, 0.8117647171020508, 0.8823529481887817, 0.6941176652908325, 0.6470588445663452, 0.6470588445663452, 0.4901961088180542, 0.48235297203063965, 0.5607843399047852, 0.6313725709915161, 0.8509804010391235, 0.7490196228027344, 0.5529412031173706, 0.615686297416687, 0.6470588445663452, 0.3333333730697632, -1.0, -1.0, -1.0, -1.0, -1.0, -1.0, -1.0, -1.0, 0.5607843399047852, 0.7647058963775635, 0.7176470756530762, 1.0, 0.6313725709915161, 0.7254902124404907, 0.843137264251709, 0.6705882549285889, 0.545098066329956, 0.5764706134796143, 0.40392160415649414, 0.5764706134796143, 0.458823561668396, 0.4745098352432251, 0.7960784435272217, 0.6705882549285889, 0.40392160415649414, 0.6627451181411743, 0.529411792755127, 0.4431372880935669, -1.0, -1.0, -1.0, -1.0, -1.0, -1.0, -1.0, -1.0, 0.7490196228027344, 0.7333333492279053, 0.686274528503418, 1.0, 0.615686297416687, 0.7254902124404907, 0.8666666746139526, 0.5843137502670288, 0.458823561668396, 0.6235294342041016, 0.38823533058166504, 0.5058823823928833, 0.48235297203063965, 0.40392160415649414, 0.8117647171020508, 0.5843137502670288, 0.6000000238418579, 0.7176470756530762, 0.4901961088180542, 0.7176470756530762, -1.0, -1.0, -1.0, -1.0, -1.0, -1.0, -1.0, -1.0, 0.8196078538894653, 0.7019608020782471, 0.6784313917160034, 1.0, 0.6078431606292725, 0.7176470756530762, 0.8980392217636108, 0.5843137502670288, 0.529411792755127, 0.6784313917160034, 0.458823561668396, 0.4274510145187378, 0.458823561668396, 0.49803924560546875, 0.8823529481887817, 0.5607843399047852, 0.7647058963775635, 0.7411764860153198, 0.49803924560546875, 0.7176470756530762, -1.0, -1.0, -1.0, -1.0, -1.0, -1.0, -1.0, -0.8666666746139526, 0.8509804010391235, 0.6549019813537598, 0.7019608020782471, 0.9843137264251709, 0.6078431606292725, 0.6000000238418579, 0.9215686321258545, 0.5921568870544434, 0.6000000238418579, 0.7333333492279053, 0.4431372880935669, 0.4745098352432251, 0.545098066329956, 0.5058823823928833, 0.8745098114013672, 0.458823561668396, 0.7882353067398071, 0.7019608020782471, 0.5137255191802979, 0.686274528503418, -1.0, -1.0, -1.0, -1.0, -1.0, -1.0, -1.0, -0.6784313917160034, 0.8509804010391235, 0.6392157077789307, 0.7490196228027344, 0.9686274528503418, 0.5529412031173706, 0.529411792755127, 0.9215686321258545, 0.545098066329956, 0.5921568870544434, 0.615686297416687, 0.5058823823928833, 0.6549019813537598, 0.5215686559677124, 0.41960787773132324, 0.8588235378265381, 0.34117650985717773, 0.8117647171020508, 0.686274528503418, 0.529411792755127, 0.8117647171020508, -1.0, -1.0, -1.0, -1.0, -1.0, -1.0, -1.0, -0.498039186000824, 0.8196078538894653, 0.6392157077789307, 0.8980392217636108, 0.41960787773132324, 0.4117647409439087, 0.772549033164978, 0.8274509906768799, 0.5137255191802979, 0.6078431606292725, 0.6705882549285889, 0.4117647409439087, 0.48235297203063965, 0.458823561668396, 0.46666669845581055, 0.9058823585510254, 0.4274510145187378, 0.6705882549285889, 0.7176470756530762, 0.5843137502670288, 0.8509804010391235, -0.8039215803146362, -1.0, -1.0, -1.0, -1.0, -1.0, -1.0, -0.38823527097702026, 0.8352941274642944, 0.6000000238418579, 0.9607843160629272, 0.3803921937942505, 0.3490196466445923, 0.7176470756530762, 0.8588235378265381, 0.5058823823928833, 0.615686297416687, 0.7019608020782471, 0.4431372880935669, 0.49803924560546875, 0.5607843399047852, 0.458823561668396, 0.8901960849761963, 0.4274510145187378, 0.7254902124404907, 0.6705882549285889, 0.5686274766921997, 0.7490196228027344, -0.5921568870544434, -1.0, -1.0, -1.0, -1.0, -1.0, -1.0, -0.2862744927406311, 0.843137264251709, 0.5607843399047852, 1.0, 0.22352945804595947, 0.37254905700683594, 0.5529412031173706, 0.8588235378265381, 0.46666669845581055, 0.5529412031173706, 0.7176470756530762, 0.4901961088180542, 0.5058823823928833, 0.4901961088180542, 0.5058823823928833, 0.8666666746139526, 0.2862745523452759, 0.7568627595901489, 0.7960784435272217, 0.5215686559677124, 0.7019608020782471, -0.427450954914093, -1.0, -1.0, -1.0, -1.0, -1.0, -1.0, -0.09019607305526733, 0.7647058963775635, 0.6078431606292725, 1.0, -0.05882352590560913, 0.6784313917160034, 0.615686297416687, 0.8745098114013672, 0.5215686559677124, 0.529411792755127, 0.6941176652908325, 0.5215686559677124, 0.6705882549285889, 0.43529415130615234, 0.49803924560546875, 0.8352941274642944, 0.35686278343200684, 0.43529415130615234, 